id,text,start_ms,end_ms,pause_after_ms,cut_after_ms,safe_score,safe_grade
S001,咱们今天聊的这只童子鸡，它是来自安徽皖南高山区域的纯种土黄鸡。,148,5037,0,5037,82,A
S002,大家拿到手的时候，可以先别急着下锅，把袋子拆开，仔细看看这个鸡的状态。,4815,10074,0,10074,82,A
S003,你会发现它的皮是比较薄的，皮下基本以精瘦肉为主，肉质呈现出一种相对紧实的感觉。,9852,16074,0,16074,70,B
S004,这种状态其实跟它在山上的生长过程是分不开的。,16000,19333,0,19333,82,A
S005,它不是那种关在笼子里的圈养模式，而是属于跑山鸡、溜达鸡，在漫山遍野的高山环境里活动，平时的运动量是比较大的。,19185,27111,0,27111,82,A
S006,正因为有这种放养空间，鸡在活动过程中会自己捕食一些小虫、小竹笋这些天然的东西，同时我们也会配合喂人工科学配比的安全食材。,26963,36222,0,36222,70,B
S007,这样做的逻辑很简单，就是让鸡吃得干净，咱们人才能吃得放心。,36148,40593,0,40593,82,A
S008,现在下单的都是活鸡新鲜宰杀，而且我知道很多朋友特别在意完整性，我们这边是保留鸡真、鸡肝、鸡心的，整只去头、去鸡屁股后切块发货，也就是原切状态。,40444,51407,0,51407,82,A
S009,虽然切了块，但品质和整只的一样，像清蒸这种做法也完全没问题。,51333,56074,0,56074,82,A
S010,单只毛重两斤以上，净重大概在一点二斤到一点八斤左右。,55926,60148,0,60148,82,A
S011,关于物流这块，我得多啰嗦几句，因为很多外地朋友关心时效。,60000,64296,0,64296,82,A
S012,江浙沪皖的朋友，正常发货后基本隔天就能到，其他地区大概需要两到三天。,64148,69556,0,69556,82,A
S013,大家收到后按实际状态检查即可。,69333,72000,0,72000,82,A
S014,如果拿到手不知道怎么处理，包装袋后面有教程入口，或者联系客服获取详细做法指导都可以。,71778,78370,0,78370,70,B
S015,那么对于这种皮薄肉紧、内脏齐全且已切块方便处理的原切童子鸡，您觉得这个规格适合家里一顿饭的量吗？,78222,85852,0,85852,82,A
S016,觉得合适的话，可以直接拍一号。,85704,87704,,,100,A
