id,cut_ms,score,grade,kind,sentence_id,left_preview,next_preview
SP001,1776,70,B,PHRASE,S001,咱们今天聊的这只童子鸡，,它是来自安徽皖南高山区域的纯种土黄鸡。大家拿到手的时候，可以先别急着下锅，把袋子拆开，仔细看看这个鸡的状态。你会发现它的
SP002,4850,92,A,SENTENCE,S001,它是来自安徽皖南高山区域的纯种土黄鸡。,大家拿到手的时候，可以先别急着下锅，把袋子拆开，仔细看看这个鸡的状态。你会发现它的皮是比较薄的，皮下基本以精瘦肉为主，肉
SP003,6051,56,C,PHRASE,S002,大家拿到手的时候，,可以先别急着下锅，把袋子拆开，仔细看看这个鸡的状态。你会发现它的皮是比较薄的，皮下基本以精瘦肉为主，肉质呈现出一种相对紧
SP004,7336,56,C,PHRASE,S002,可以先别急着下锅，,把袋子拆开，仔细看看这个鸡的状态。你会发现它的皮是比较薄的，皮下基本以精瘦肉为主，肉质呈现出一种相对紧实的感觉。这种状态
SP005,8276,56,C,PHRASE,S002,把袋子拆开，,仔细看看这个鸡的状态。你会发现它的皮是比较薄的，皮下基本以精瘦肉为主，肉质呈现出一种相对紧实的感觉。这种状态其实跟它在山
SP006,9903,92,A,SENTENCE,S002,仔细看看这个鸡的状态。,你会发现它的皮是比较薄的，皮下基本以精瘦肉为主，肉质呈现出一种相对紧实的感觉。这种状态其实跟它在山上的生长过程是分不开的
SP007,11773,73,B,PHRASE,S003,你会发现它的皮是比较薄的，,皮下基本以精瘦肉为主，肉质呈现出一种相对紧实的感觉。这种状态其实跟它在山上的生长过程是分不开的。它不是那种关在笼子里的圈
SP008,13428,70,B,PHRASE,S003,皮下基本以精瘦肉为主，,肉质呈现出一种相对紧实的感觉。这种状态其实跟它在山上的生长过程是分不开的。它不是那种关在笼子里的圈养模式，而是属于跑山鸡
SP009,15841,92,A,SENTENCE,S003,肉质呈现出一种相对紧实的感觉。,这种状态其实跟它在山上的生长过程是分不开的。它不是那种关在笼子里的圈养模式，而是属于跑山鸡、溜达鸡，在漫山遍野的高山环境
SP010,19063,92,A,SENTENCE,S004,这种状态其实跟它在山上的生长过程是分不开的。,它不是那种关在笼子里的圈养模式，而是属于跑山鸡、溜达鸡，在漫山遍野的高山环境里活动，平时的运动量是比较大的。正因为有这种
SP011,21376,75,B,PHRASE,S005,它不是那种关在笼子里的圈养模式，,而是属于跑山鸡、溜达鸡，在漫山遍野的高山环境里活动，平时的运动量是比较大的。正因为有这种放养空间，鸡在活动过程中会自己捕
SP012,23082,70,B,PHRASE,S005,而是属于跑山鸡、溜达鸡，,在漫山遍野的高山环境里活动，平时的运动量是比较大的。正因为有这种放养空间，鸡在活动过程中会自己捕食一些小虫、小竹笋这些天
SP013,25222,70,B,PHRASE,S005,在漫山遍野的高山环境里活动，,平时的运动量是比较大的。正因为有这种放养空间，鸡在活动过程中会自己捕食一些小虫、小竹笋这些天然的东西，同时我们也会配合喂
SP014,26969,92,A,SENTENCE,S005,平时的运动量是比较大的。,正因为有这种放养空间，鸡在活动过程中会自己捕食一些小虫、小竹笋这些天然的东西，同时我们也会配合喂人工科学配比的安全食材。
SP015,28519,56,C,PHRASE,S006,正因为有这种放养空间，,鸡在活动过程中会自己捕食一些小虫、小竹笋这些天然的东西，同时我们也会配合喂人工科学配比的安全食材。这样做的逻辑很简单，就
SP016,32863,69,B,PHRASE,S006,鸡在活动过程中会自己捕食一些小虫、小竹笋这些天然的东西，,同时我们也会配合喂人工科学配比的安全食材。这样做的逻辑很简单，就是让鸡吃得干净，咱们人才能吃得放心。现在下单的都是活鸡新
SP017,36093,92,A,SENTENCE,S006,同时我们也会配合喂人工科学配比的安全食材。,这样做的逻辑很简单，就是让鸡吃得干净，咱们人才能吃得放心。现在下单的都是活鸡新鲜宰杀，而且我知道很多朋友特别在意完整性，
SP018,37554,56,C,PHRASE,S007,这样做的逻辑很简单，,就是让鸡吃得干净，咱们人才能吃得放心。现在下单的都是活鸡新鲜宰杀，而且我知道很多朋友特别在意完整性，我们这边是保留鸡胗、
SP019,38876,56,C,PHRASE,S007,就是让鸡吃得干净，,咱们人才能吃得放心。现在下单的都是活鸡新鲜宰杀，而且我知道很多朋友特别在意完整性，我们这边是保留鸡胗、鸡肝、鸡心的，整只
SP020,40386,92,A,SENTENCE,S007,咱们人才能吃得放心。,现在下单的都是活鸡新鲜宰杀，而且我知道很多朋友特别在意完整性，我们这边是保留鸡胗、鸡肝、鸡心的，整只去头、去鸡屁股后切块
SP021,42652,69,B,PHRASE,S008,现在下单的都是活鸡新鲜宰杀，,而且我知道很多朋友特别在意完整性，我们这边是保留鸡胗、鸡肝、鸡心的，整只去头、去鸡屁股后切块发货，也就是原切状态。虽然切
SP022,45157,78,B,PHRASE,S008,而且我知道很多朋友特别在意完整性，,我们这边是保留鸡胗、鸡肝、鸡心的，整只去头、去鸡屁股后切块发货，也就是原切状态。虽然切了块，但品质和整只的一样，像清蒸这
SP023,47556,78,B,PHRASE,S008,我们这边是保留鸡胗、鸡肝、鸡心的，,整只去头、去鸡屁股后切块发货，也就是原切状态。虽然切了块，但品质和整只的一样，像清蒸这种做法也完全没问题。单只毛重2斤以
SP024,49987,69,B,PHRASE,S008,整只去头、去鸡屁股后切块发货，,也就是原切状态。虽然切了块，但品质和整只的一样，像清蒸这种做法也完全没问题。单只毛重2斤以上，净重大概在1.2斤到1.8
SP025,51254,92,A,SENTENCE,S008,也就是原切状态。,虽然切了块，但品质和整只的一样，像清蒸这种做法也完全没问题。单只毛重2斤以上，净重大概在1.2斤到1.8斤左右。关于物流
SP026,52191,59,C,PHRASE,S009,虽然切了块，,但品质和整只的一样，像清蒸这种做法也完全没问题。单只毛重2斤以上，净重大概在1.2斤到1.8斤左右。关于物流这块，我得多
SP027,53672,56,C,PHRASE,S009,但品质和整只的一样，,像清蒸这种做法也完全没问题。单只毛重2斤以上，净重大概在1.2斤到1.8斤左右。关于物流这块，我得多啰嗦几句，因为很多外
SP028,55940,92,A,SENTENCE,S009,像清蒸这种做法也完全没问题。,单只毛重2斤以上，净重大概在1.2斤到1.8斤左右。关于物流这块，我得多啰嗦几句，因为很多外地朋友关心时效。江浙沪皖的朋
SP029,57320,59,C,PHRASE,S010,单只毛重2斤以上，,净重大概在1.2斤到1.8斤左右。关于物流这块，我得多啰嗦几句，因为很多外地朋友关心时效。江浙沪皖的朋友，正常发货后基本
SP030,60038,92,A,SENTENCE,S010,净重大概在1.2斤到1.8斤左右。,关于物流这块，我得多啰嗦几句，因为很多外地朋友关心时效。江浙沪皖的朋友，正常发货后基本隔天就能到，其他地区大概需要2-3
SP031,60985,59,C,PHRASE,S011,关于物流这块，,我得多啰嗦几句，因为很多外地朋友关心时效。江浙沪皖的朋友，正常发货后基本隔天就能到，其他地区大概需要2-3天。大家收到后
SP032,62128,47,D,PHRASE,S011,我得多啰嗦几句，,因为很多外地朋友关心时效。江浙沪皖的朋友，正常发货后基本隔天就能到，其他地区大概需要2-3天。大家收到后按实际状态检查即
SP033,64098,92,A,SENTENCE,S011,因为很多外地朋友关心时效。,江浙沪皖的朋友，正常发货后基本隔天就能到，其他地区大概需要2-3天。大家收到后按实际状态检查即可。如果拿到手不知道怎么处
SP034,65233,56,C,PHRASE,S012,江浙沪皖的朋友，,正常发货后基本隔天就能到，其他地区大概需要2-3天。大家收到后按实际状态检查即可。如果拿到手不知道怎么处理，包装袋后面有
SP035,67328,73,B,PHRASE,S012,正常发货后基本隔天就能到，,其他地区大概需要2-3天。大家收到后按实际状态检查即可。如果拿到手不知道怎么处理，包装袋后面有教程入口，或者联系客服获取
SP036,69392,92,A,SENTENCE,S012,其他地区大概需要2-3天。,大家收到后按实际状态检查即可。如果拿到手不知道怎么处理，包装袋后面有教程入口，或者联系客服获取详细做法指导都可以。那么对
SP037,71845,92,A,SENTENCE,S013,大家收到后按实际状态检查即可。,如果拿到手不知道怎么处理，包装袋后面有教程入口，或者联系客服获取详细做法指导都可以。那么对于这种皮薄肉紧、内脏齐全且已切
SP038,73665,70,B,PHRASE,S014,如果拿到手不知道怎么处理，,包装袋后面有教程入口，或者联系客服获取详细做法指导都可以。那么对于这种皮薄肉紧、内脏齐全且已切块方便处理的原切童子鸡，您
SP039,75291,70,B,PHRASE,S014,包装袋后面有教程入口，,或者联系客服获取详细做法指导都可以。那么对于这种皮薄肉紧、内脏齐全且已切块方便处理的原切童子鸡，您觉得这个规格适合家里一
SP040,78228,92,A,SENTENCE,S014,或者联系客服获取详细做法指导都可以。,那么对于这种皮薄肉紧、内脏齐全且已切块方便处理的原切童子鸡，您觉得这个规格适合家里一顿饭的量吗？觉得合适的话，可以直接拍
SP041,83077,78,B,PHRASE,S015,那么对于这种皮薄肉紧、内脏齐全且已切块方便处理的原切童子鸡，,您觉得这个规格适合家里一顿饭的量吗？觉得合适的话，可以直接拍1号。
SP042,85662,92,A,SENTENCE,S015,您觉得这个规格适合家里一顿饭的量吗？,觉得合适的话，可以直接拍1号。
SP043,86639,56,C,PHRASE,S016,觉得合适的话，,可以直接拍1号。
SP044,87704,86,A,SENTENCE,S016,可以直接拍1号。,
